SK_precision,SK_accuracy,SK_TP,SK_FP,msSK_precision,msSK_accuracy,msSK_TP,msSK_FP,ConvRFI_precision,ConvRFI_accuracy,ConvRFI_TP,ConvRFI_FP,AOFlagger_precision,AOFlagger_accuracy,AOFlagger_TP,AOFlagger_FP
-inf,0.0,0.0,0.0029771083815286737,-inf,0.0,0.0,0.00893132514458602,0.49869073848967477,0.7591962205645866,0.12190082644628099,0.03866481277097931,0.04102948672157703,0.523600919931808,0.026859504132231406,0.02443816000428214
-inf,0.0,0.0,0.00484730541024919,-inf,0.0,0.0,0.01789774305322778,-0.08489116597869058,0.4512877186368265,0.030609379387812413,0.037217370873134294,0.24441035526126642,0.6370945263978243,0.040718899185622014,0.023194535161160774
-inf,0.0,0.0,0.005602344798740879,-inf,0.0,0.0,0.014939586129975679,-0.1607461422937469,0.40850920559425913,0.027268300600551857,0.0394824610154186,0.4348132713225534,0.7312933779130539,0.06313910079532543,0.023199847022731066
-inf,0.0,0.0,0.010853689876447635,-inf,0.0,0.0,0.028444152779655868,-0.1032328109587287,0.44085265243424554,0.030103180512711415,0.03818081493676905,0.9605526188233997,0.9013000820209748,0.21412615679183067,0.023448609995827967
-inf,0.0,0.0,0.00562560807621543,0.7642652253152766,0.8531828204728218,0.06660331036667459,0.011461213166234793,-0.18620200935945935,0.39442582182907504,0.02581769224677279,0.039638702385424794,1.1020154019295216,0.9267281818416644,0.3054565613368179,0.024150940972857724
-inf,0.0,0.0,0.004506992977760227,-inf,0.0,0.0,0.01201864794069394,-0.33132534440332356,0.3180159354177232,0.019092436974789916,0.04094366451714143,1.0902896827032158,0.9248735804893458,0.2849075630252101,0.023142714369963156
0.6020158019890334,0.7999837195489607,0.03170674210278171,0.007927492104707294,0.8587072947993546,0.8783873436450204,0.1712046204620462,0.023703265791873387,0.18929309094021732,0.6072729333572732,0.06176331918906176,0.03994271082878678,1.1173335829218134,0.9290874639557843,0.33097595473833097,0.02526171671741292
1.032702716638531,0.9151253727231916,0.08611757242545993,0.00798709890410323,0.9340341356130025,0.8957335245487917,0.21082681327976316,0.024540969103912885,0.35488828614881074,0.6936332560469273,0.09748361175724254,0.04305695619765861,1.1917102911378812,0.9395744114099198,0.3647705646013956,0.023458999945837063
1.2519047360584203,0.9469804222710948,0.10295234478830453,0.00576409999457618,1.35219880294182,0.9574483362113265,0.2858363394721853,0.012703360960377705,0.7008860519127484,0.8339451912226247,0.22778621606227453,0.04535669363940896,1.1828042483997843,0.938399595562743,0.3128915891399279,0.02053948928279022
1.2684683536332482,0.9488630097993097,0.14287585123101101,0.007699995604065981,1.09377776160852,0.9254297347362322,0.14248297537978,0.011481145321821158,0.82548438918159,0.8699761665961789,0.33612711716430943,0.05023647539181994,1.1773987062411453,0.9376761648172334,0.3180548280076829,0.0211399174081573
1.430889183678735,0.9642480618032205,0.19987762594330002,0.007410969036619325,1.4476604350277482,0.9655557357015795,0.38131756067713646,0.013602739185272284,0.9775630881266828,0.9047300519967162,0.4842341423618193,0.05099085794973975,1.2078918512965087,0.9416554653774173,0.3312665714868448,0.020525122680270267
1.4487363226247687,0.9656380311908924,0.16407669769684383,0.005838625019363779,1.4439419279330532,0.965269838086702,0.48151170122019066,0.017324667866626828,1.0161149763538455,0.9121113333859645,0.589400289285317,0.05679307298475722,1.2161207190429306,0.9426877890715701,0.3681711975670363,0.02238355644079804
1.692344276461884,0.9800967197033301,0.19794864386579508,0.004019835250952757,1.457897313279984,0.9663311212836823,0.401675755715266,0.013995174122610487,1.0389175018429728,0.9162302667840099,0.6335728989851566,0.05792674030204208,1.2633178872031845,0.9482844958426441,0.3611181335548413,0.019693885557579487
1.4864740591301053,0.9684074935922604,0.16853436566150504,0.005498122497312289,1.2963836270271432,0.9518933973668653,0.4572127139364303,0.02310652685374176,1.0547996609601573,0.9189947152498705,0.6848342841619125,0.060365087279205164,1.2379683039238611,0.9453459364060761,0.34970116816082586,0.02021756179139205
1.3596580044855384,0.9581426095177208,0.1603989062248673,0.007007182004111244,1.3644152378811003,0.958579722887059,0.4548817757760978,0.019655463970723472,1.0440190253139847,0.9171274561976323,0.688274087180312,0.06219312708657334,1.234667940288763,0.9449519684488444,0.3496541740389255,0.020369050118053664
1.3695270651376106,0.9590445486947744,0.20134594397962896,0.00859836387724134,1.262897267253687,0.9482369783481728,0.5196435067297199,0.02836666224189942,1.0844906354354567,0.9239405157230188,0.7560931247726446,0.06224215970286386,1.2557078350207627,0.9474183790200957,0.387959257911968,0.021531698251696377
1.4943663657910435,0.9689587692839948,0.1471673794598395,0.004714603680256099,1.4351682163491724,0.9645861765836881,0.516140371433593,0.018949581090532113,1.078411620596105,0.9229509971168435,0.7500732321752885,0.06261696970802016,1.2588861705392131,0.9477817661576898,0.3835608412912297,0.02113236445188825
1.496013062941399,0.9690726110397675,0.24231290978973546,0.007733275634642155,1.3744047936848953,0.9594834288350197,0.4663689803300927,0.019693588667420922,1.0974635463813391,0.9260132967065384,0.8058727108297535,0.0643876987085573,1.3119616200887614,0.9535095829556286,0.4227051774813475,0.020609902972351553
1.7173846545948017,0.9811908642317451,0.2560252434579185,0.00490792743781922,1.3816047465666248,0.9601230309811728,0.44192372558620313,0.018354500564242055,1.0847344364884042,0.923979956485069,0.7869539198084979,0.06474628676542533,1.3164357148991126,0.9539641325065933,0.41657145965943093,0.02010267248520903
1.6577226652822992,0.9784806292869251,0.2783979163344496,0.006122704719984649,1.3617467410726087,0.9583350714956174,0.560250890341785,0.024357674037930616,1.1135081187405365,0.928504930066099,0.8181842343060649,0.06300035374757043,1.2893624715946879,0.9511476491739397,0.4218093871259236,0.021664754341239788
1.6330855806751428,0.9772531379943098,0.2422212563597781,0.0056380207737873195,1.6141725862462684,0.9762646853422765,0.5814946437245928,0.014137516749102848,1.1040449130671612,0.9270448690269464,0.8307723774704062,0.06537882861135483,1.314469659949937,0.9537649127470328,0.4393424181218521,0.02129773780132869
1.3957012143357261,0.961347363267414,0.224620784756174,0.009031267913670569,1.2909862443024505,0.9513210862260201,0.6128118340228156,0.031357461597338925,1.1114945788358228,0.9281965408880133,0.8340980318415444,0.064524183496121,1.3618169677591287,0.9583415276469579,0.4705277673310768,0.020453530835534448
1.6530663257775358,0.9782537098759423,0.2632836253076589,0.005852716982366605,1.4379366549654442,0.9648032860174046,0.48067178224989143,0.01753525043347401,1.1147485303684723,0.928694299697765,0.8569325804739154,0.06579579284849675,1.3712709707542765,0.959201979162686,0.4685584672554413,0.019929335557954658
1.3583937899786243,0.9580257085700152,0.20903336347627433,0.009158446624819181,1.3605572989477546,0.9582255770067575,0.47310932368759223,0.020625486820660177,1.1205938842910974,0.929580472349547,0.8690209890057589,0.0658318987805756,1.3651109025282384,0.9586432761520597,0.45978297082480607,0.019835446435000032
1.6838011474951902,0.9797093433317244,0.2740497637502037,0.005675815693833429,1.4518804196409065,0.9658774402549308,0.6267718734725228,0.02214262369918308,1.121906226421371,0.9297780233068478,0.8809207923096618,0.06653200849603984,1.3713326514455457,0.9592075367431461,0.48322975583641736,0.02055043492100294
1.544954632719382,0.9722773007274425,0.26734749703656424,0.007622922242523218,1.4212264554227034,0.9634730738537374,0.6200647396735661,0.0235077238447,1.1258699567906298,0.9303715891824842,0.873780432205708,0.06539316505933454,1.3301626025988804,0.9553324701466008,0.4681544633901705,0.021889032481303132
1.880020821550222,0.9869895672994434,0.32360807738599384,0.00426578076575519,1.4589578956152254,0.966410484668313,0.739936700396737,0.025717969265393863,1.1146562796942643,0.9286802320393496,0.8995676013016538,0.06908400801088053,1.3862773113953417,0.9605329246718709,0.4911960058841885,0.020182618697563028
1.726843945560677,0.9815886521446208,0.3554962387769959,0.00666793050133785,1.5441815551252072,0.9722292799063721,0.551962233350246,0.015766228194752114,1.1101865205240016,0.9279955445038792,0.8896560852396814,0.0690296439200478,1.39883741148339,0.9616148068346383,0.5284904370077872,0.02109598080895477
1.6105000110913945,0.9760679424711299,0.32582137603138395,0.007988763462077669,1.4380069814778103,0.9648087845015147,0.7068417798435068,0.025781918445796116,1.1116098154478644,0.9282142233258073,0.8883440291665778,0.06870231513918611,1.3838011754472683,0.9603162151286244,0.5033579941581562,0.02080059676049929
1.5408894671896705,0.9720238809296182,0.33323469732837335,0.009590930586937102,1.2057954835952889,0.9413896981806571,0.5589279675346636,0.034798486679627975,1.1181404925552214,0.9292097773406688,0.9182025701724721,0.06995165782144921,1.3744150563581141,0.9594843474671616,0.5117517754480893,0.021609479270663656
1.6077714125987304,0.9759207400602562,0.3677181194135092,0.009072847638595059,1.1014189243656374,0.9266348663648019,0.37389825587424047,0.029602917507079843,1.1140171756521717,0.9285827022345392,0.9029843007942927,0.06944852465179127,1.4112420941201678,0.9626553217607163,0.5323835002799726,0.02065296899984424
1.734144784430269,0.981890016285324,0.3327030983166626,0.006136377386880477,1.4019841118029417,0.9618813600415931,0.6616451166951289,0.02622050185321096,1.1046366120615887,0.927136960716379,0.9130885581849232,0.07175898524533672,1.4027898032249133,0.9619493228372509,0.5251484101813451,0.020772666650883464
1.7393813563058564,0.98210318441833,0.3687775551102204,0.006720214331018257,1.3018179459742818,0.9524631670852762,0.6872945891783567,0.03430243727843821,1.1095378505285112,0.9278956774136841,0.9150701402805611,0.0711076839670187,1.4277191317559268,0.9639955726739213,0.525871743486974,0.01964086921965508
1.6753201558798991,0.9793174847791604,0.38352748743317644,0.008099838121685113,1.565073928891648,0.9734990404687973,0.7403654352509376,0.02015450824526539,1.1247047083682753,0.9301975774007123,0.9257958988270965,0.0694721187634076,1.4257493682086828,0.9638378206607604,0.5366033671108275,0.02013279286156114
1.6518193688939125,0.978192545256227,0.34351294283256434,0.0076581476633101634,1.4343902179934327,0.9645249317160212,0.8514115898959881,0.031314778183695456,1.1210897209486945,0.9296551724907869,0.9442597951044029,0.0714499250647288,1.4317168879064666,0.9643137057985847,0.5605302260107922,0.020743505390335062
1.6790527983416692,0.9794908535355463,0.3480705390209737,0.007288102424821059,1.4775277197432386,0.9677711397720523,0.7281868247846027,0.024250187292569773,1.1268080536669143,0.9305113877077376,0.9274461266862395,0.06925970511550862,1.4003802016389812,0.9617457176032177,0.5519735958398096,0.021955235593297397
1.7940059400043187,0.9841849424634144,0.33613800522514214,0.005401466394682606,1.5137459718855337,0.9702732064593863,0.7821768864299985,0.02396398319602355,1.10878449200536,0.9277795324942858,0.9307284462886123,0.0724500176578799,1.4170371373959032,0.9631320738887537,0.543222683264177,0.020794130204462438
1.953563617521324,0.9889939866952814,0.3911403805020826,0.0043528032422152675,1.434104757731056,0.9645024344027674,0.5566437765019325,0.020486727939576416,1.1191173383419764,0.9293575892725419,0.9414612180569627,0.07156243282202238,1.4227634016764934,0.9635974150025866,0.5674134113850426,0.021435627176896184
1.7253949981176933,0.9815282598698558,0.34583748294050387,0.006508442368217899,1.4771581367883584,0.9677445864951589,0.7806241009184464,0.026018593664429886,1.1256007133282075,0.930331417533913,0.9349341595662277,0.07001326233694254,1.4314765249866874,0.9642946549398079,0.5612850872339641,0.020782939752040486
1.9134215878538865,0.9879410514017646,0.38274243337534475,0.004671808428132498,1.5407833193775353,0.9720172336913914,0.6649679434489562,0.01914332577580204,1.1192390694730863,0.92937598908691,0.9548468409227903,0.07255956093713388,1.4149770868921023,0.9629632700108404,0.5735839406725483,0.022060730869380117
1.738484611733037,0.9820668557304674,0.3794906939835522,0.006929733270643923,1.5302101478952488,0.9713473745445462,0.6299776367046602,0.018582963976480904,1.1168777401943286,0.929018279912876,0.9451738565863512,0.07221608828641313,1.4421995967216836,0.9651350930499436,0.5933306882123792,0.02143370330651424
1.7587850491720547,0.9828717961188748,0.3748709734828261,0.006532760923941697,1.5453779849225233,0.9723035636616318,0.8468410749243638,0.024122589690024194,1.1122684693835474,0.9283152131382857,0.9549386011745862,0.07374065309110321,1.4302867177460468,0.9642002080217107,0.5859939491012636,0.021757370827998376
1.9967221350763862,0.9900247470904127,0.38511933451150504,0.0038803704386324764,1.4684941609872855,0.9671160170027768,0.6302325996536889,0.02142923674817823,1.0971484965833915,0.9259635802679713,0.9499455541869722,0.07595392439949715,1.42669392972976,0.963913550393524,0.5928524250700655,0.022194873339661893
1.7564240988186253,0.9827800364784245,0.41898610089976546,0.007341343032764669,1.450177786083386,0.9657479926887819,0.6748065679375416,0.023933241045941404,1.1096304225454656,0.927909937306348,0.9488324055596401,0.07371554593016569,1.4540128333013846,0.9660388975195964,0.6007772292826383,0.021120326628614645
1.893875077568816,0.9873929078887016,0.40955022098968713,0.005229161885778492,1.394748812871964,0.9612657924820658,0.531692521015686,0.021424551467266982,1.1164103969003538,0.9289472856938655,0.9576046451165612,0.07324463972880046,1.4477112010590503,0.9655596231042501,0.5879885605338417,0.02097286086805278
2.116524974467657,0.9924113114142101,0.40611791067578806,0.00310546878878113,1.3328361384789575,0.955594427846479,0.32565482354139436,0.015132872631434731,1.117397078772379,0.9290970958877489,0.9587499363424944,0.07316582422331842,1.452543565652042,0.9659277300141678,0.6086676059685278,0.02147022635108079
1.7997242729857443,0.9843885840374152,0.35291615625425343,0.005596896392890611,1.400754401121825,0.9617774049892643,0.7863583775690758,0.03125115816113132,1.1236396024989934,0.930038168562593,0.9592690894242548,0.07216071835109622,1.4500568066852242,0.9657387768833465,0.6112018510956854,0.02168342360372094
1.8246859155234496,0.985247707407942,0.4291595371609602,0.006425883575539544,1.2182732405560244,0.9429549823293628,0.6988327375607772,0.04227659497009793,1.114587364339411,0.9286697212011461,0.9540549240178223,0.073280093197817,1.4642695224422355,0.9668052444251167,0.6190895691802056,0.0212561185889268
1.7619164533923923,0.9829927590222944,0.3803755805794099,0.006581064917897291,1.3535661316280498,0.9575764202810022,0.3133123934908277,0.013880702386455604,1.120153113925188,0.9295140066581546,0.9604704781635313,0.07283345408884338,1.4317372509131585,0.9643153192947176,0.6258729575299896,0.02316055361213507
1.7527561533481824,0.9826365209312561,0.3944307134618553,0.006969707812990772,1.479282225866529,0.9678969070520073,0.8226561212720382,0.02728576332149848,1.114518959876026,0.9286592868689455,0.9638490690393805,0.07404403413420696,1.4723675620389893,0.9673984807457547,0.6275827978250124,0.021149663839819973
1.71209882135834,0.9809649221829473,0.42159057243490566,0.008180730188981826,1.4260943318395913,0.963865495656203,0.5375588399881497,0.020152627442456564,1.118662903897253,0.9292888617939584,0.958737943974456,0.07295196794770695,1.461856620133646,0.9666264760886291,0.6156555515323086,0.02125598230391098
1.917262448460661,0.9880459601754542,0.4250626648002865,0.005142691967535472,1.395584986405309,0.9613374174775258,0.7270093427520428,0.029238494411789277,1.123319825407808,0.9299902435211689,0.9603339952472412,0.07229403707617708,1.4570774471762244,0.9662696466983097,0.6398645789250952,0.0223362685417349
1.7626464166630806,0.9830208358705665,0.3777749138125463,0.006525092888723223,1.5575248032848301,0.9730468850539129,0.877372168701872,0.02430295320477702,1.114219872842259,0.928613647951444,0.9630602184489481,0.07403440165866561,1.4655724018675107,0.9669013880066762,0.6341785610722686,0.021708966796178064
1.7462149699353484,0.9823776627240541,0.3890995636652122,0.006979844926256017,1.3630518419776028,0.9584548971237098,0.6916779055930187,0.029981410529962498,1.1138234666658895,0.9285531171727193,0.9651090836969457,0.07425965660251387,1.502669735011346,0.9695287032911153,0.6378897262990877,0.02004822245244288
1.8249284112464979,0.9852558208858233,0.37331296555851273,0.005586562508091055,1.3421118386023863,0.9564919632501225,0.7608781240649459,0.03461013229165906,1.128528543347874,0.9307671063945803,0.9697790516386084,0.07213470420429491,1.4866753262926558,0.9684216690327705,0.6592387281689476,0.021496481760188754
1.811441771642208,0.9847978394266141,0.4056623203789667,0.006262141818430409,1.4052902880307472,0.9621595068753189,0.9162692691582566,0.03603568923050987,1.1132203876310194,0.9284609368092507,0.9686623679082368,0.07463663316459511,1.4668205081696934,0.9669932374608574,0.655111773000206,0.02236118918969146
1.9611382183628971,0.9891822215227632,0.39267253532157514,0.0042942992795245525,1.444515533759669,0.9653140885604086,0.5149118135396761,0.01850194229556094,1.1335261910941221,0.9315049810070698,0.9717897308981548,0.071457219695209,1.4923715770449473,0.9688203194163709,0.6567463425331287,0.021136159899067034
1.683090664102344,0.979676796866028,0.39124416796267497,0.008116283580384354,1.3075808997751672,0.9530603855110887,0.6411664074650077,0.031578381020955275,1.127898960555189,0.930673631870906,0.9714307931570763,0.07236239050091266,1.4852570276806338,0.9683216456539263,0.6459875583203732,0.021133290645184433
1.7202283468381774,0.9813113270071524,0.3840871492336985,0.007314782714957249,1.3281925061028894,0.9551384946408469,0.6931984892468084,0.032558553460873815,1.127727366336619,0.9306481349286588,0.9764803196304274,0.07276727780367905,1.4687745356366406,0.9671365421584763,0.6571152105378156,0.022328882300669848
2.31483189806642,0.9951797492377692,0.40130122027582205,0.0019437418359851493,1.5256398899160069,0.9710530334441,0.4658429677596713,0.013886719204421947,1.122423587334811,0.9298557623669905,0.9716694411778182,0.0732984780448244,1.5116236268492418,0.9701319292367324,0.6910823647998534,0.02127679375662677
1.6762666570967273,0.9793615818880388,0.385838372057334,0.008130902613931665,1.486717928194822,0.9684246687367173,0.8180688131119364,0.026673002665107037,1.116945797343483,0.9290286130221668,0.978438353641693,0.07474595083176595,1.4860252347221237,0.9683758602832356,0.679168840735398,0.022179539155805745
1.704277790710032,0.9806257236241512,0.41146685839286534,0.008129373360249558,1.245855740461917,0.9462767322517582,0.5267473344449374,0.029905192761866525,1.119814383003093,0.9294628885481689,0.9750042067583485,0.07399325055951758,1.5151412590131927,0.9703657327897075,0.6801333924829053,0.0207707815830808
1.7878654858203884,0.9839633577834247,0.40473788045360765,0.006596421024204615,1.4859818277028538,0.9683727993161575,0.7280914444059577,0.023779575639338003,1.1157027486249964,0.9288396618650673,0.9745184560473487,0.07465988555206197,1.4983762763007746,0.9692352819969356,0.6808331199831328,0.02161047924325741
1.7546920293529182,0.9827124116797327,0.42661644883933797,0.0075049113560931085,1.4323605713979306,0.9643646751377527,0.8411986255120568,0.0310840774933157,1.1279566518199837,0.9306822021854495,0.9760665036087811,0.07269804922865265,1.5077772114184818,0.9698742264623004,0.6874690515132872,0.021353837843088076
1.7256047935767185,0.9815370161847567,0.41925919236615944,0.007886381823007401,1.4486223873859494,0.9656293251799193,0.6426604054725245,0.022874897479031844,1.121090971892822,0.9296553608587852,0.9722761547839437,0.07356964541214926,1.499158086423818,0.9692889150248725,0.6908535392302946,0.021889099751155917
1.9548025310186732,0.989024994760182,0.42484779016627716,0.004714447812646619,1.4150545002643302,0.9629696268056553,0.5047412060675529,0.019409496111778467,1.1111885093095355,0.9281495566538686,0.9794423686678476,0.07582115179204255,1.5081157097542601,0.9698969914178998,0.6952826116081396,0.02157971270085817
1.8549874489843774,0.9862282231288337,0.41410554851636855,0.005782605974493947,1.4505248380795162,0.965774416681789,0.7523057429943719,0.02666057667595701,1.122015210226925,0.9297944059188581,0.980964728762118,0.07406929006776668,1.5057601263130824,0.9697382256299515,0.7019771930341515,0.021905989541373096
2.0098468191206824,0.9903188218015364,0.4431179775280899,0.004331841432225064,1.391387694448525,0.960976598911587,0.48771067415730335,0.019804987212276214,1.1216848753184434,0.9297447385921317,0.9789179541198502,0.07397098785166241,1.4861012158509381,0.9683812176147006,0.7046172752808989,0.023006580349531118
1.6719235923125326,0.9791584796382076,0.37799036074193076,0.008045575832499624,1.4022779141721728,0.9619061567588985,0.3652110413319702,0.014463253052975977,1.1171353986104007,0.9290573928348286,0.9823134219366145,0.07500922520285455,1.5196674786512683,0.9706639641217542,0.6990798890024829,0.021128045815621166
1.7733118437974804,0.9834259058822,0.41548825459508115,0.00700239987101193,1.4253789556610554,0.963808081291245,0.7833996341357182,0.02941740832586011,1.123279138750874,0.9299841436291092,0.9793402828188972,0.07373173946008899,1.492491942242408,0.9688286903730272,0.7170939922761985,0.023071941496981174
1.7899247041380018,0.9840380050984193,0.4075560013373454,0.006610930453651202,1.4887276981512967,0.9685658687109393,0.7156687453665344,0.023226531130267243,1.114385696006246,0.9286389549164341,0.983181428343,0.07555234880236429,1.502853764780907,0.9695412193896338,0.705144418763537,0.02215257971524298
1.6903188262010997,0.9800055388652795,0.4196338764836049,0.00856153654384288,1.312553490909302,0.953569958730719,0.5568152426933356,0.027111754581728546,1.1191873710428903,0.9293681753448684,0.9852142426071213,0.07487611635264145,1.5045248010624832,0.9696546410266251,0.7134379400523033,0.02232705282902657
2.0275896922617074,0.9907027676647248,0.412905271959289,0.0038749021110685306,1.4089636053522991,0.9624662544022773,0.5297475744950769,0.020658813336221403,1.1120325500118424,0.9282790552709856,0.9833494312857699,0.07597580685472449,1.4977251044437891,0.9691905416813034,0.7161906958640276,0.02276688271656364
1.9235773647151322,0.9882164884690284,0.43819118423493486,0.005224999716612445,1.5362849563501964,0.9717341209528171,0.5957990268125972,0.017330649264225888,1.119111276660898,0.92935667292602,0.9850882575379215,0.074879660308339,1.484674791752282,0.9682804956731554,0.7255668602577091,0.02376854771546289
1.6872389961963625,0.9798661077504577,0.3931451038491125,0.008078186495811534,1.6402149344186223,0.9776152104564593,0.6480526510726802,0.014838683003532957,1.1142892513411307,0.9286242371015035,0.9816803897546938,0.07545375614999793,1.4984550546172921,0.9692406903816011,0.7250633921194336,0.023010228101739538
1.7207195358441636,0.9813320576708506,0.42858552121647714,0.008153009708219661,1.5515077865144034,0.9726811316746476,0.5578855395369157,0.015668857037441798,1.118943885959709,0.9293313640735228,0.9828915289110614,0.07474148220648998,1.4848393121364618,0.9682921285181046,0.7449513099113573,0.024394312108153477
2.052222831814803,0.9912109234382408,0.4417137489660587,0.003916679958063696,1.4507452995539212,0.9657911920580247,0.3567693364550183,0.012636948660060342,1.108893062933204,0.9277962814554923,0.984242033394552,0.07659648586585054,1.531110375806447,0.9714050090920481,0.7463864627290443,0.02197117980223736
1.691030521311554,0.9800376241815633,0.4415451486259114,0.008993828379842934,1.2790213050827965,0.9500292714277149,0.4667694896242288,0.02455167664127191,1.1155465968156806,0.9288158930009012,0.9795429052159282,0.07507180648020116,1.5224060775653396,0.9708429941868189,0.7363712843522153,0.022115194678312307
1.850254622802226,0.9860794218446953,0.4469983661727947,0.006310318980149929,1.4495537527205609,0.9657004302620856,0.804722738126824,0.028581993764438342,1.1137804642483808,0.9285465479040063,0.9834941559257656,0.07568177676796062,1.515690802873191,0.9704020982613999,0.7469662482020919,0.022782961471277504
1.9216869744541187,0.9881656939091683,0.4666167892819042,0.005588218600908778,1.3587501176771106,0.9580586894779755,0.5257491998836195,0.02301592865990258,1.103921287760897,0.9270256145174732,0.983997672388711,0.07745916006450256,1.5343584843859996,0.9716120261011015,0.7543123155575876,0.022039042076902274
1.6826319240971,0.9796557553345387,0.42784384979627793,0.008884916881742838,1.4070872018434908,0.9623098614035608,0.5515912344455457,0.02160380030244252,1.116020392507441,0.9288879898539453,0.9854779209338178,0.07544431263792928,1.5258310451576833,0.9710654031070683,0.7626087435304482,0.022723265096744202
1.8842533908500232,0.9871141232001291,0.4531291259572221,0.005915188481539071,1.454835903509825,0.9661010195185176,0.7692243547871527,0.026990884868133357,1.1174311728367907,0.9291022672500219,0.9869220185398802,0.07530982969464675,1.51327306148086,0.9702417826324246,0.7507817603157617,0.02302717448270475
2.032619627720535,0.9908088417067427,0.4170540084735305,0.0038687678665792835,1.5815182177255476,0.9744585726914847,0.6872609106988606,0.018013720731211155,1.107102838465133,0.9275196501789311,0.9879204201116093,0.07720032414542718,1.5139796219461756,0.9702887201032158,0.7619870291911754,0.023332859006760156
1.8299161368790717,0.9854217297159795,0.4525231046045637,0.006694599814224521,1.3166063740255722,0.9539813867576454,0.5456912297919904,0.026323316159125386,1.1059088651923408,0.9273346107978006,0.9880319511463701,0.07742159673355921,1.53619511215987,0.9717284382097633,0.7605436056814154,0.02212732971137975
1.7136532468735206,0.9810316406862821,0.4738104649102482,0.009161179693174992,1.5349240160227309,0.9716479210369628,0.7984025951014734,0.023296888647127183,1.1108044552506573,0.9280905610165319,0.9832899453447641,0.07618634570572626,1.540645087730033,0.9720085749846218,0.7613024574411537,0.02192361384448114
1.722489113534,0.9814065559498069,0.47025283727512723,0.008909273905203883,1.4006478783218725,0.9617683871562035,0.5973246604795471,0.02374447472642628,1.106690525070415,0.9274557998986863,0.9877663772691397,0.07726160290742669,1.5139311087002287,0.9702854996189555,0.763274637345889,0.023374897915265994
1.722958486877521,0.9814262673267715,0.40783105427476857,0.007718302668394319,1.3885609292527714,0.960731778937548,0.3473257985793944,0.0141963308993393,1.1096866238988548,0.9279185933540796,0.9903066163137875,0.0769277546822699,1.5023770676401613,0.9695087883501432,0.7665407844687726,0.02410783437792151
1.9254038509772493,0.988265361298202,0.5148755312689739,0.006113619451258527,1.3510138910596703,0.9573370411885562,0.18254064629292316,0.008134777762845855,1.1081439957671808,0.9276806518349147,0.9890845307967348,0.07710622012640429,1.5031340689114756,0.9695602736619245,0.7704648181879512,0.024189046164379075
1.794403805918305,0.9841991954962842,0.45701533870165484,0.007337142780718267,1.4053622962413683,0.9621655431402326,0.6314006479626817,0.024828056613425794,1.117980590760055,0.9291855545202576,0.9875247018968368,0.07526054814582003,1.5314039700654534,0.9714237812911966,0.7842902657722451,0.02307134187728408
1.808156984445741,0.984684189636765,0.486058036377385,0.007560162729360481,1.4203593173632034,0.9634027409444441,0.6604102245567604,0.025087331646314354,1.1096014342311586,0.9279054721951019,0.9852546011855733,0.07655032475672495,1.5395535363902064,0.9719401097250416,0.7743764937818167,0.022356232888847288
1.9487231389439281,0.9888720044582221,0.5169730974731176,0.005817612692000281,1.105073571162344,0.9272049000084629,0.2919104945297749,0.02291796952073921,1.1083885268833982,0.9277184175959494,0.9867429061156715,0.07688037375051418,1.5478978670556458,0.9724593868008605,0.7786734871513318,0.022052484257063836
1.8383896865668614,0.9856993822651834,0.4663357328266745,0.006765641909924324,1.3347950565228042,0.9557854354883677,0.48700794776418954,0.022528952131494917,1.101537482470382,0.9266534228067067,0.9883325751291178,0.07822861247821149,1.5362404676936572,0.9717313071353861,0.7706120046027456,0.022417919352745785
2.1261409851567157,0.9925762575349194,0.48336125143437486,0.0036151876704764137,1.6110951674285743,0.9760999331552812,0.706635714945197,0.017302163690824813,1.1091120347438137,0.9278300507832989,0.9884194837569411,0.07688281263073345,1.5274060150865327,0.9711671244573705,0.7943732935885092,0.0235840626516508
1.835239165681938,0.985596763134644,0.4269167419371978,0.006238842481940545,1.453118958667239,0.965971307071952,0.5477923595983211,0.01929732058978607,1.101289061213133,0.9266145355218866,0.9899447425747835,0.07840105238647099,1.5202689540636958,0.9707033754282618,0.7855586844482227,0.023708805841119618
1.6933144710709354,0.9801402510820798,0.4674120606323996,0.009470773346078846,1.3010554827789893,0.9523836138182799,0.6203626881592983,0.031016314123354347,1.097559118035432,0.9260283723193831,0.9869753598567158,0.07884010472206547,1.5161337614033417,0.9704313790691257,0.7940289465713195,0.02419371573890173
1.8228966116198058,0.9851877043674463,0.47383835465314805,0.0071241589395105945,1.3941177536825318,0.9612116528806754,0.6164666018754432,0.024876644461553913,1.1006818146007409,0.9265193986183664,0.989585248614431,0.07848224148896997,1.5136369129224574,0.97026596259274,0.7948307110398991,0.02435778127406019
1.8051469019148099,0.9845793101174469,0.5104340403178147,0.00799452614975292,1.4956333894186298,0.9690463988273065,0.7732878061593014,0.024700615339501235,1.1044598881974323,0.9271094667402636,0.9925536804780354,0.07803584113247641,1.5345683363973517,0.971625350791834,0.7912535294503907,0.023107200027851292
1.9786042614336825,0.9896042153341451,0.4466053981355731,0.004691586270232424,1.4098780828979847,0.9625422473485822,0.47076119776901676,0.0183198779611915,1.0992511891003718,0.9262948144725911,0.990506454292533,0.07881449927072574,1.5437680684133128,0.9722035624296728,0.7888081644493085,0.022552948523746764
2.0821455475644957,0.9917912931989226,0.4802512760109933,0.003974870461810843,1.442593807343665,0.9651656237861048,0.6453605549011909,0.023292098070018252,1.1010977717320931,0.9265845785755752,0.9904070147886402,0.07847221943213457,1.5325356279826576,0.9714960268140752,0.800889935872268,0.02349834134869712
1.8142520599254233,0.9848944127471336,0.4457152545025366,0.006836053265894811,1.426798724538008,0.9639219428497009,0.4934075822585062,0.018467456917192468,1.1057939602464602,0.9273167801308738,0.988862661224064,0.0775071946999323,1.5101932657457906,0.9700363481560083,0.8058138473376022,0.024890949311940892
1.9651589969958336,0.9892808437252439,0.46778461975394703,0.005068587422746592,1.5778330858769807,0.9742465283838667,0.6393891277125854,0.016901768979896523,1.0906157049648668,0.9249257239069935,0.9917509004298827,0.08049833515263725,1.5088363611986328,0.9699454017280588,0.803570736997018,0.024899335200213892
1.8643227282343637,0.9865171436158482,0.45541021049079916,0.006224149781541789,1.4247303637593527,0.9637559509908737,0.7716784759531782,0.0290205756685384,1.105620194568382,0.9272898079403615,0.9921098393417945,0.0777928284610654,1.5103399183299795,0.9700461615498411,0.8042513431441252,0.024834297336297023
1.844516904971335,0.9858968996565172,0.47235759779273356,0.006757001266560785,1.4931557479495559,0.9688748165569987,0.5025656893839767,0.01614496424813869,1.1013981517754385,0.926631614641713,0.9891828472705706,0.07832103630137445,1.5348652025157892,0.9716441901306798,0.8062324334081122,0.023528544527318174
1.9364333167427283,0.9885562576107592,0.4735717412013079,0.005482169545140774,1.285711412311571,0.9507555321386465,0.3467083751705672,0.01795779131565367,1.1029132520089522,0.9268684392238704,0.9899590638758013,0.07810952275636515,1.5480114220784316,0.9724663886615654,0.8097500064364975,0.02292659388382894
1.8198160945485602,0.9850838377370641,0.46497534921939193,0.0070406674960319165,1.5138139677446978,0.9702777219847252,0.6048428512736237,0.01852800180172451,1.0959710288588222,0.9257774977403883,0.9905890509449465,0.07941864892111021,1.5091430058289637,0.9699659779278539,0.8081989523418242,0.025025068637124104
1.6539778735934207,0.978298316148439,0.4575497113534317,0.010149868417701071,1.2430159185987804,0.9459433403727328,0.6011674150096216,0.0343541742356094,1.1011324419301993,0.9265900089476351,0.9892495189223861,0.07837425142877061,1.5511217997305913,0.972657504935957,0.8096600384862092,0.022760453184720635
1.8866511073588506,0.987184160173292,0.5193515910741822,0.00674233549673679,1.565985981835354,0.9735531658619173,0.804967566809823,0.02186716090343943,1.094364220941752,0.9255228698044455,0.990123488256509,0.07967556324149765,1.5309063298963226,0.9713919554988188,0.8060507971300769,0.023738653531126388
1.6746762300778215,0.9792874318330641,0.4401700156526387,0.00930988304136705,1.1535792254685455,0.9343929757926692,0.38235705832198624,0.02684663672679453,1.0893822289773003,0.9247282687143027,0.9864089283669081,0.08029246028898661,1.5307614040477577,0.9713826805283802,0.804431096575508,0.023698859517533064
1.913445371472811,0.9879417038146009,0.48691026534101706,0.005942970291185421,1.319784609460421,0.9543015952033064,0.3884364511430562,0.018600960400097396,1.0910414432025592,0.9249937656537022,0.9855360648470648,0.07991551054877227,1.5284950050152053,0.9712372552037633,0.8130834019378127,0.024079091141419217
1.839553698000048,0.9857371140166692,0.4930229030790232,0.007133676264996552,1.4064147582951363,0.9622536628558758,0.4584028515091764,0.017981774711607352,1.0931445174351195,0.9253290495827982,0.9891551645684817,0.0798215038009601,1.5185498748466875,0.9705905972520379,0.8142221548106577,0.024671357156082208
1.8767411285227849,0.9868922362879429,0.4755110492037797,0.006315670795911423,1.4405423427341668,0.9650064600545286,0.4716585727013766,0.017103515663011215,1.1029930095805367,0.9268808865624137,0.9859704601638871,0.07778052926542661,1.5491665596581483,0.972537516809778,0.8148301522167426,0.023009147689790573
2.089325728540502,0.9919248049308717,0.488812370875853,0.003979389594255289,1.3695594895577803,0.9590474810968628,0.5860890252300758,0.025026729497485446,1.0981490678339536,0.926121369307778,0.9852375884304764,0.07859445462764283,1.507153865280644,0.9698322610488938,0.8139234958993301,0.02531801893649823
2.036507678065458,0.9908900126682693,0.5354891066858106,0.004923148801400553,1.2486104028578917,0.94659827268653,0.569286472314127,0.032115926930107265,1.0994779859423243,0.9263304598556944,0.984518384418503,0.07829713022178336,1.4866881340715095,0.9684225708887314,0.8252450215369249,0.026908827768331412
1.9394657134271407,0.9886349785796177,0.4833081552292033,0.005555951039398698,1.3308981112632061,0.9554046830956936,0.450840783575621,0.021043844532764196,1.1087967967303902,0.927781430892956,0.983654870105748,0.0765677613808684,1.5255332286842507,0.9710461291618712,0.8239183734119221,0.024566933998820713
1.893359344334289,0.9873781169027908,0.4929544211938963,0.006301550510435663,1.4388313129333725,0.9648731732464295,0.8151125801481187,0.029674696303538,1.0989197579955172,0.9262426952992125,0.9856975992842587,0.07849173714644844,1.5178298441700548,0.9705432354906572,0.8261593518564541,0.02507459800337873
1.6617485978876627,0.9786749588263336,0.50544023172045,0.01101339485092394,1.3638409377123313,0.958527186615313,0.6112988475868643,0.02644920601341164,1.0953485311325966,0.9256789468114578,0.9831160954113904,0.07893257578047085,1.5305274492341747,0.9713677017199214,0.8244643321326451,0.024302134646962233
1.827391776078741,0.9853379919955011,0.5099995055868684,0.0075888851276926135,1.359926095036462,0.9581673596018463,0.44828438643330365,0.019571653475614015,1.0880471624453394,0.9245140133493651,0.9821269652921981,0.08019004787465545,1.5022332459288035,0.9694989971912042,0.8172278255710471,0.025710463110724245
2.0859172111369824,0.9918616960151021,0.48940748710718657,0.004015627298206165,1.4929430161784507,0.9688600415607506,0.5989067388911562,0.019249355075077253,1.0989671880574061,0.9262501559892539,0.9810905403232788,0.07811634237403564,1.5149011032039719,0.9703498271407228,0.8236312593527004,0.025167015574240077
1.702329405783813,0.9805403043362226,0.5002827011480125,0.009928555784132855,1.36070106195496,0.9582388257651829,0.5112097150864082,0.022279120202844064,1.0993386185144445,0.9263085575268944,0.9800634233879889,0.07796785077470685,1.4956838411205586,0.9690498831919675,0.8208289289313897,0.026216143947262693
1.7168302569254392,0.9811672906151515,0.5188066492972735,0.009958072335469702,1.396051214327983,0.9613772984370134,0.5116509485890426,0.020555240823661208,1.0917272240527494,0.925103248420827,0.9739336782748034,0.07885008390237083,1.5145413220084347,0.9703259831500699,0.8246302887967414,0.02521842505471967
1.833475239582116,0.9855389918199601,0.45362925231944695,0.0066561915692274175,1.5208281529065473,0.9707399705234607,0.5322175732217573,0.016042094024420826,1.0933661466602982,0.9253643026028439,0.9780607604147717,0.07888595523408616,1.515827996220033,0.9704111701321839,0.8449093444909345,0.02576215074324111
1.9062551526688514,0.9877428711577295,0.5274490267078179,0.006545236484987503,1.645085617085595,0.977859329611553,0.7049624535225644,0.015961745055778378,1.0880814746769898,0.924519526881654,0.9767187537971761,0.07974217038858644,1.514364659628152,0.970314268296698,0.8238717830323945,0.025205479820422805
1.885699094421683,0.9871563970918257,0.48708259147560046,0.006337289011981342,1.5543846148344411,0.9728566019466206,0.6025580465826097,0.016811802351890663,1.0904362046841853,0.924897019068554,0.9743953102479319,0.07912231404847539,1.515113735758395,0.9703639103294369,0.8288095151581216,0.025312846911941606
2.0017352457827737,0.9901381015284598,0.523410328368233,0.005213231880840414,1.7439897940517706,0.982288743477852,0.5088268451224485,0.009174453885536293,1.0913810615551056,0.9250480030301617,0.9763498117099614,0.07910872504894342,1.4938667900677385,0.9689241517968561,0.8274087932647334,0.026537092726771214
1.6400422876612817,0.9776065092887198,0.5002205558006175,0.011458275148006647,1.4935464467464585,0.9689019343393344,0.585903503856746,0.01880527325624044,1.0857513307998734,0.9241442615849076,0.9745347464800487,0.07999189723759062,1.5038267173515825,0.9696073084178835,0.8273703787598803,0.0259342236052851
1.994586483517443,0.9899760657016019,0.4907902909838024,0.00496946320376616,1.6980573540327175,0.9803517189961846,0.7615151225572172,0.015262341899068419,1.0952637246419816,0.9256655113334326,0.9728367337187634,0.07812251863296359,1.5225386152447957,0.9708516316174455,0.8342969085957285,0.025048517034122076
2.001041975297679,0.9901225018897929,0.507209026128266,0.0050599357024001205,1.35410946918079,0.9576272148830349,0.4206650831353919,0.018613455107458845,1.0947499656636654,0.9255840712427688,0.9700356294536817,0.07798978454380476,1.492370965749874,0.9688202768974952,0.8283016627078384,0.026657386415651133
1.725193587513883,0.9815198496833606,0.45692715482557866,0.008603068504070601,0.896655564503644,0.8874171466574505,0.2482013537179912,0.03148825409820613,1.092298766061265,0.925194381086579,0.9690561840299143,0.07835201887315826,1.5026199951819168,0.9695253195670362,0.8259809722156483,0.025962711508371462
1.8467458002410784,0.985968081434558,0.5066658815216111,0.0072106739794811974,1.3954030021409034,0.961321839890343,0.3875750794959369,0.015593831698411052,1.0932754022196098,0.9253498703657936,0.9692969026027558,0.07819543909886442,1.5040423258347635,0.9696219350833272,0.8275821458014369,0.025927986196882986
2.1113151187372043,0.9923204315682119,0.5033784978950719,0.0038956465056017176,1.387052288729862,0.9606005166286122,0.27254395584957725,0.011178518927050737,1.0799104547369447,0.9231960619701924,0.9691630994917513,0.08062809808274932,1.4868874080906809,0.9684365995005659,0.8272897725262673,0.026963126375850088
1.9927201796018017,0.989933331489532,0.4886739359831164,0.004969343254505551,1.4117831868119348,0.9627000865527728,0.32715441435103765,0.012675631289146125,1.082486183286301,0.9236155342533303,0.9655645444952515,0.07985371525265712,1.4899611273851179,0.9686522227587351,0.8249267206003048,0.026696494851472075
1.8798161845426546,0.9869835152310497,0.5184554697222288,0.006837467516809083,1.4933114767726854,0.9688856281891681,0.35166357510155205,0.01129317115425289,1.0777038557746885,0.9228350260414403,0.968137312451572,0.08095302886810983,1.5051803538792958,0.9696990248672195,0.8285237972246354,0.025889557824458075
2.1162295061893897,0.9924061859820853,0.5041301161086162,0.0038575639658776765,1.4531340080184119,0.9659724461040083,0.6422039695651163,0.022622415654539107,1.0827173153270477,0.923653072519232,0.9728459408520836,0.08041309091693298,1.513480677470216,0.9702555822084639,0.8210787165227913,0.0251712114125666
1.8131819136554699,0.9848577094468811,0.49219473781730594,0.007567545704578548,1.5208015147694993,0.9707382282763665,0.6237956272002965,0.018803591651836274,1.0720748007403123,0.9219069660269937,0.9613442653325922,0.08143369465566522,1.4931975330387066,0.9688777178862548,0.8253543635352973,0.026512026101493825
1.6756974321529197,0.9793350729719826,0.5094433113239073,0.010749751687613916,1.3935694663495775,0.9611645554631465,0.33439347322570606,0.013511025879106763,1.085956664888556,0.9241773989417541,0.9742570378308616,0.07993130192560945,1.5165562897993226,0.9704592832148348,0.8246505571496064,0.025102308748889926
1.9754589136556189,0.9895294424763487,0.48336896306001886,0.005114696254213353,1.5401809156217094,0.9719794806157203,0.6481277153299773,0.018684422431827653,1.081456309184327,0.9234480660403093,0.9590717881525412,0.07950506681341744,1.4827669737536342,0.9681452965669334,0.8363561133714916,0.027518468612463296
1.8406704221987225,0.9857732207168634,0.4930912412926801,0.007116342896003432,1.3796268430627439,0.959948295903048,0.390864451296106,0.016307948471956293,1.084035818483657,0.9238668878018824,0.9635149023638232,0.07940038671669966,1.4850196666577666,0.9683048762158276,0.8268242548818089,0.027064097011108998
1.7271301696196586,0.9816005590554511,0.4864463168966582,0.009118108377042822,1.3365500228001987,0.9559558907777395,0.49490665050819166,0.022802017101512827,1.0868548461783805,0.9243221936662538,0.9682966147232671,0.07927816099708229,1.4942241315941123,0.9689489171423697,0.8313192403992363,0.02664058151889768
1.8435720243385767,0.9858666167246967,0.46113132649685745,0.0066107784431137726,1.4989404505612527,0.969273994067402,0.7112938734073254,0.02254803069916505,1.074909577693459,0.9223756046392968,0.963030558819168,0.0810457957324787,1.4786439867257422,0.9678512115181122,0.8242326074805799,0.027378257569368306
2.195740996694962,0.9936685881543266,0.5030142025135383,0.0032050827794121517,1.360461003702288,0.958216700483864,0.305972775677486,0.013342025998357302,1.0828204132938293,0.9236698112511846,0.9632619234131444,0.07960200012283114,1.5036184298611708,0.9695931719231617,0.8268451347024965,0.025930192770645247
1.9920486663649903,0.9899179112536711,0.5097562069661561,0.005191751012077389,1.346623688629445,0.9569222544989523,0.46472065848790006,0.02092031840758386,1.090082269430921,0.9248403898650034,0.9658981317424361,0.07849627655478995,1.4863491895582954,0.9683986958137205,0.828167403054702,0.02702520163877516
1.819831329803747,0.9850843531891769,0.45843797370981243,0.006941434891730357,1.4257600874616128,0.9638386809288126,0.4705196950157243,0.017652967407725425,1.0765459677019331,0.9226449549069179,0.9683024502816806,0.08118299385578719,1.4939782295833668,0.9689318770980618,0.8293287178442951,0.02659184524846192
1.7322231902576968,0.98181116940015,0.4920013499831252,0.00911471522085864,1.3873991109188222,0.9606307297897182,0.49974125323433455,0.020480761049684583,1.0761087566923648,0.9225730737893175,0.9595230059624255,0.08052794850705854,1.510745934600693,0.9700733142594623,0.8273484081448982,0.02552363356927062
1.9984086723737664,0.9900630256335387,0.4752257860069264,0.004769702868976951,1.4706100760687133,0.9672706096385016,0.45544263111433037,0.015410743914342455,1.0862502896844366,0.924224761798666,0.9546956698884085,0.07827348366515147,1.501882356705782,0.969475096418008,0.8264220557278344,0.026020733964523562
1.6382537705107005,0.9775161757314159,0.5431577044327183,0.012493156307572246,1.2205502504100896,0.9432363543058774,0.5259940565643326,0.03165414493168459,1.076902628143549,0.9227035475578814,0.9614693619281138,0.08054393093592009,1.469515669156426,0.9671907381313635,0.8289171873764138,0.028118715363827904
1.753742775165185,0.9826752395581337,0.49078614451087077,0.00865265760197775,1.353244013092321,0.9575462791490078,0.4673204809565393,0.02071909596276858,1.0690923116952622,0.9214111136655806,0.9616219968204921,0.08201854816375881,1.4684094245544566,0.9671098113361782,0.8238507870401469,0.028018129377832716
1.706199049998131,0.9807095937525209,0.5396032999043828,0.01061391357232152,1.2870053131849668,0.9508948349374393,0.78632896755687,0.04060681825860729,1.0863989206386353,0.9242487262125861,0.9607524849347358,0.0787431158563368,1.472366240224846,0.9673983847548818,0.8288119010028685,0.027931209244180154
1.9992357631071522,0.9900817445448424,0.4719200593136875,0.004727512378119878,1.4600921633062218,0.9664951620969953,0.41227439220069273,0.014292039136826808,1.0714424454170481,0.9218020738593785,0.9590447840472739,0.0813572840799635,1.4643461752591371,0.9668109083371428,0.8298493919240431,0.028487419098636294
2.0708056892913174,0.9915759623187083,0.46870218925076773,0.003981908652080985,1.496688429545321,0.9691191844541255,0.6772038347660506,0.02157898331168493,1.0772228717438013,0.9227561229516624,0.9508656841271064,0.07959692725663466,1.4632483715135014,0.9667297020147131,0.8270833104025184,0.028464324762549367
1.8190763672213568,0.9850587895373518,0.46802603132099074,0.007098942225823053,1.3785422034133208,0.9598521636890143,0.7482797598797204,0.031298375365446406,1.0692623536184898,0.9214394611562219,0.9572436650168458,0.08161315126894353,1.4777407563600622,0.9677864361254711,0.8262091065725793,0.02750104654787982
1.803142511826753,0.9845090798948539,0.4760405197093151,0.0074903378833405905,1.3105342325100817,0.9533636701086136,0.5010790574763268,0.02451162023351355,1.0820206862577786,0.9235398812679213,0.9584342655802687,0.07934903432925032,1.453016983200739,0.9659635879411193,0.8340013212948689,0.02938662800918476
1.8812843479582846,0.9870268741957462,0.48387167199729286,0.006359835013662043,1.1162665732002683,0.9289254242127211,0.23963802683142485,0.018335348194371062,1.0757392109264612,0.9225122696878696,0.9588031743605978,0.08053603647180356,1.4770840228598987,0.967739259116658,0.8276479385213243,0.027590629847589913
1.8139389571402447,0.984883683191484,0.49089796542756614,0.007534462488009665,1.1996523611345447,0.9406043522726674,0.4296313293559737,0.02712961196638783,1.0780686220310107,0.922894814918164,0.9533097314189558,0.07964626314201562,1.4641022738253042,0.9667928831073548,0.838064643021045,0.02878559725734201
1.9801027661567407,0.989639652512234,0.49424263491787607,0.005174131238597422,1.336088348085104,0.9559111103769063,0.4374185278526114,0.020174780881023403,1.0807104708477375,0.9233265748278628,0.9598831146258799,0.07970909553533242,1.4864623181982053,0.9684066664771005,0.8252694012340315,0.02692361829176524
1.762115133045632,0.9830004054274901,0.4540986257073565,0.007852990182238931,0.9727707874405849,0.903774676280201,0.20554028563729454,0.02188397289943176,1.0718338607936138,0.9218670152209507,0.9505146860684451,0.08056102265579881,1.4383901238436985,0.9648387259841857,0.8329183508488278,0.030353746774749377
1.8288312539114686,0.9853858000291795,0.5131164630149058,0.007610000670395147,1.4954167397528217,0.969031431953797,0.5496663120224393,0.017566384355821366,1.075643337932539,0.9224964878500032,0.9615909554975228,0.08078803256630648,1.4683976056370134,0.9671089456887115,0.8326186714812307,0.028317084715600096
1.8913141106350408,0.9873192917013183,0.49149069260801104,0.006312497038055069,1.3227367687172789,0.9545971250781189,0.4730053277539311,0.022497241159863783,1.0763304860953615,0.9226095355867325,0.9563857552684368,0.08022368608122837,1.4399632198479198,0.9649614018553614,0.83641422747568,0.030370937057823934
1.8703710313937205,0.986701134427014,0.5088811098145988,0.0068587551345891925,1.3938769524641788,0.9611909750139102,0.49114049872509613,0.019830277626594534,1.0708008501914603,0.9216955172580527,0.9594623795323912,0.0815130419242423,1.4805683821887872,0.9679888003281009,0.8320044081420978,0.02751422250743957
2.3022155468701997,0.995038371064596,0.4878530345952442,0.002432615467966951,1.3874934412411448,0.9606389434624693,0.4255730105588463,0.017437356088310985,1.0793141486349742,0.9230986494602775,0.9541806163619195,0.07949072192875525,1.4663011626259577,0.9669550482212922,0.8275388445360117,0.028280509278071245
2.4016167563930813,0.9960493903738903,0.49922525352910374,0.001980066562210196,1.492266330678024,0.9688129981358977,0.31455775334209596,0.01012591001434075,1.0796296259608873,0.9231501999084755,0.9543594182455466,0.07944788455324536,1.4549691879345308,0.9661110689650717,0.8346317015569733,0.029276940387328927
1.8743444601397428,0.9868206566732304,0.5088543164126974,0.006795931655829087,1.1790613094956472,0.9378995136872667,0.2559925033809326,0.016949853071009015,1.075339002602114,0.9224463711175133,0.9543920178044702,0.08023942277267236,1.4601322598806337,0.9664981516858135,0.8360647009338829,0.02898061702723048
1.80085155565235,0.9844284233135295,0.47355292612727856,0.007490606254005808,1.362527280357653,0.9584067750624524,0.39953096684788403,0.017338964838324585,1.0753738488112992,0.9224521109571405,0.9494723377038695,0.07981940159161832,1.4780557870457183,0.9678090429462679,0.8352201257861636,0.027780826595446288
1.8152000437018025,0.9849268530036742,0.48888747777495556,0.007481847808993943,1.395871745284057,0.9613619513995387,0.5468525103716874,0.021978521037020166,1.0686756274261289,0.9213416091578005,0.9550524934383202,0.0815364155455418,1.445134596109582,0.9653617847626057,0.8285179070358141,0.02972811027422145
1.85911697106941,0.9863567743972634,0.4855318656582975,0.006715846590643247,1.3440885536674272,0.9566809835318941,0.5917682574076216,0.026795576926076186,1.0632628744151649,0.9204336200946927,0.9512364443415974,0.08222911316784666,1.444739835485686,0.9653313773939123,0.8325672392212137,0.029900571023264738
2.040642748323897,0.9909755613663205,0.4787365986966576,0.004359672654972157,1.359707897909966,0.9581472167323751,0.5856317006516712,0.02558095062428288,1.0732411131111093,0.9221000907641639,0.9535316375867143,0.0805552767703838,1.4518364963613606,0.965874106800394,0.8389531217153668,0.029641569672031097
1.8889906496774507,0.9872521356873842,0.49225075910931176,0.006356173522520177,1.5851156571240586,0.9746639307523031,0.4209366565452092,0.010942110344528334,1.0686096480547145,0.9213305983950527,0.9509003879892037,0.08119426907055455,1.4300968883246719,0.964185117124622,0.8346301450742241,0.031002532977523214
1.8267818478674849,0.9853176885781677,0.5231131035496436,0.007794957488523563,1.4763642996801076,0.9676874804873732,0.662873101029932,0.022134315513348882,1.0732542783281447,0.9221022682391321,0.95245094436687,0.0804615396092213,1.4753721374763369,0.9676159702214167,0.8294260307194826,0.0277591090934615
1.8844785146041316,0.9871207150710506,0.48987973320728956,0.00639162016211997,1.441470482976441,0.9650785568311826,0.6446825271781944,0.023327887740770804,1.0723805449651649,0.9219576352622001,0.9541935822698387,0.08077109048160604,1.4473066846721843,0.9655286355617004,0.8337797384591146,0.029767656977852105
1.8348182040826972,0.985582996684306,0.49169504410217957,0.00719246284176921,1.2310061698161174,0.9445117298391863,0.3965655492726004,0.02329747279925904,1.0739955419831706,0.9222247804609173,0.9529403188686515,0.08036559424331559,1.4721631032110443,0.9673836295862748,0.8308184156539307,0.028011928631769652
1.7839805980799999,0.9838215931678131,0.4506620968998286,0.00741089115966195,1.1781906869905832,0.9377826503843085,0.39726852573090304,0.026356847982398453,1.0647625052034566,0.9206861376874396,0.9457651762995275,0.0814743330028293,1.4474414225935852,0.965538960000187,0.8327673053954406,0.02972228839089329
1.679796519162144,0.9795252265034777,0.5193090697577797,0.010854989019460935,1.2810170883657896,0.9502469841163814,0.6330757405791683,0.03314656915839394,1.0714467620467936,0.9218027903187759,0.9494681956043043,0.0805440863892893,1.4441954134201516,0.9652893997778063,0.8398666334288919,0.030200554320414574
1.8431929682714512,0.9858544501697867,0.4670096569751159,0.006700896235539252,1.5999091692747283,0.9754916327581364,0.5077328409762777,0.01275633999260207,1.0701694671060795,0.9215905270035146,0.9460620079454811,0.08049152122493441,1.429343951159394,0.9641252004204515,0.8393373925129918,0.03123148396379765
1.8972077017174698,0.9874880742719546,0.5008111096186235,0.006345505905930098,1.4388456275466963,0.96487429036123,0.5435984335768385,0.019789397363631365,1.0676846462303293,0.9211760838520452,0.9546605222099379,0.08168913877764661,1.4614454782045405,0.9665959226517332,0.8343579834884947,0.02883413633706741
1.7759221349584402,0.9835235879243394,0.5141597579987405,0.008613426408397394,1.4454188015443703,0.9653836604356,0.5618579584757224,0.02014687701341473,1.0690842466004031,0.9214097689106419,0.9521572595215726,0.08121279107739456,1.442290036809743,0.9651420997127307,0.8329117583291176,0.0300821558074943
1.8244301589347707,0.9852391454797681,0.49045439551377207,0.007347988571304414,1.5081278998368575,0.9698978109238731,0.4583024080488207,0.014224081739073755,1.0678843541448508,0.9212094670175299,0.952055500577272,0.08142877706438961,1.4618469949763218,0.9666257611170648,0.8369103579086261,0.028895615378765657
1.8021611636869737,0.984474580515689,0.49332513072900647,0.0077798652685459515,1.3871543950625593,0.9606094138557978,0.6509381728698862,0.026692259937429616,1.0684340101899674,0.9213012807433598,0.9441607710448068,0.08065140579597925,1.4451237911084736,0.9653609528242607,0.8351686660514713,0.029967492199078696
1.8266426767555999,0.9853130519417678,0.4729541877057056,0.007049793540304819,1.23435390591309,0.9449143427876203,0.6232904716151849,0.036335955237853254,1.0679456578496946,0.9212197119480957,0.9502218042807205,0.08126047074712729,1.461053449917053,0.9665667644684561,0.8317660527015148,0.02877052198500229
1.9629086081732803,0.9892257559860882,0.5203075329318207,0.0056669777228917214,1.3268553894449653,0.9550063852056841,0.5290724246148221,0.024926410168751967,1.0691732113970138,0.921424601527089,0.9505997298422726,0.08106333652998543,1.4353715771494044,0.9646021685661867,0.8401803759864311,0.030831947400007203
1.9162585062194208,0.9880186259788065,0.4917249287156643,0.00596298504054055,1.3469848876266577,0.9569565255017201,0.6239738607190332,0.028066063865724425,1.0700534119686762,0.9215712146357263,0.9506844310951912,0.08090641722679394,1.4393729082656446,0.9649154155891229,0.8385676161097525,0.03049054439001579
1.650619597566064,0.978133536383158,0.4891110027628799,0.010934220685305408,1.4628747768330712,0.9667020228805213,0.5012595481878759,0.01726584673604541,1.0674218359262249,0.9211321327843742,0.9459003738013977,0.0809885383703607,1.4375615459894773,0.964773944106231,0.840250690719974,0.03067943322567666
1.9870727358464282,0.989802916088384,0.4942055085823591,0.005091372190044369,1.457632036146362,0.9663112423156309,0.7027461514198793,0.02450002004744789,1.0735328323221751,0.9221483269102666,0.9520568155225217,0.08037667455652667,1.4319554690354788,0.9643326057547017,0.8456599818890347,0.03127809615843328
1.8495839469784123,0.9860582077967257,0.47302472691262215,0.00668805593572613,1.4432573819018155,0.9652169579687675,0.5380200280918745,0.01938835936963526,1.0583483464235395,0.9196009248560273,0.9412394781782722,0.08229089541898424,1.4243486586346894,0.9637252378319303,0.8420893079091764,0.031696367563642594
2.135875202920424,0.9927396067209632,0.48791312749084176,0.003568348807286042,1.4032775042661843,0.96199040550852,0.32637574976852785,0.01289556510077338,1.0660667363520449,0.9209051569480365,0.9413872227366048,0.08085400985291358,1.4324744126459958,0.9643736822274969,0.8375367336258605,0.030940651293364926
1.7203748534167036,0.981317512688986,0.5049483995807466,0.009613292278901758,1.2404957551601477,0.9456458432225817,0.4449528339917762,0.02557515191409034,1.061835066918655,0.9201925142485657,0.9451543981294848,0.08197240794033325,1.4286253498223986,0.9640679260693217,0.8353220994920584,0.03113354839762595
1.7169699767414475,0.9811732343897676,0.47515409480595094,0.009117263351784614,0.967157812820827,0.9026448164968237,0.2714377497138956,0.029276046846028168,1.0679751485243734,0.9212246399261113,0.9479290059630172,0.08105889218856492,1.4476034402031641,0.9655513708256295,0.8315899371574277,0.029669196519060956
1.822397930775609,0.9851709386669911,0.48888354041938686,0.0073588082240702,1.3570042049136688,0.9578968545640597,0.5543889206454266,0.024367464245021512,1.0682462170313034,0.9212699230641438,0.9446232838934183,0.08072581330884479,1.3998744916747343,0.9617028537663543,0.8471574555993462,0.03373569375712124
1.7476222431329071,0.9824336716708746,0.49101604385252884,0.008779573919236899,1.4052065679638743,0.9621524876721941,0.7262323502590465,0.02856728863818645,1.0665469014629483,0.92098565164354,0.9448736834721262,0.08106378014194529,1.444493069022317,0.9653123565550039,0.8421669723115774,0.030262523273762026
1.8041621359434823,0.9845448449411958,0.48148148148148145,0.0075581838577231785,1.5905803491911303,0.9749728063810409,0.6246522810364012,0.016034594482743598,1.0681013552017358,0.9212457262466095,0.947961373390558,0.08103810675117892,1.4350513891251295,0.9645769863220723,0.8371085677952631,0.0307418782195794
1.7601543543428655,0.9829247946189172,0.48337478400703165,0.008397106022904414,1.273777875484934,0.9494529767292069,0.4060068518463029,0.021615012319066894,1.0628143172814806,0.920357946542614,0.9468033040681589,0.08193047024746321,1.4243088313798828,0.9637220317668319,0.8351561641646441,0.03143828593163241
1.823735497941484,0.9852158656995734,0.5138533039385093,0.007710874865733575,1.1734487385370282,0.9371425283117152,0.28139585691870744,0.018874217715135994,1.062006447793302,0.9202214895762423,0.9461856243420922,0.08202946850235587,1.4414376837205038,0.9650760114678478,0.8399968221811754,0.03039764644059536
1.6681978348775517,0.97898268772821,0.4976650308690834,0.010684133122719102,1.1097793484653777,0.9279328725565696,0.2171620231122368,0.016865706193147773,1.0691213647094826,0.9214159577223354,0.9443762862118094,0.08054224086279209,1.4127955974946311,0.9627837051458698,0.8435669621655849,0.032607985184378234
1.832212769047569,0.9854975038267895,0.47025272111864375,0.0069201984398568565,1.2649329610011042,0.9484665680106705,0.4900973977915273,0.026628667545140983,1.0655947197586515,0.9208259552112118,0.9423409021384095,0.08102393331767062,1.426541031330971,0.9639013022067533,0.83679208975991,0.031338379453234866
1.7563084930345845,0.9827755310134443,0.4993856829730978,0.008752408802679468,1.1993047866910662,0.9405596243963701,0.2642054669300858,0.016696944865069584,1.0619349482842169,0.9202094023378267,0.9402588977678177,0.0815290728604485,1.4593995107004738,0.9664434774548195,0.8338297014910703,0.028951952007182303
1.7262932547265517,0.9815657221539318,0.5089270848636208,0.009557896199939088,1.2618335113636627,0.9481166214370117,0.49941726653934676,0.027329396526643623,1.0678070392084993,0.9211965445905146,0.943372019000049,0.08070044907395105,1.428644848577556,0.9640694813309061,0.8478037314529161,0.03159733648931959
1.9224455712146304,0.9881861032495809,0.503988133828412,0.006025245403579044,1.3819717741345219,0.9601553750410337,0.5024557474312882,0.020850959475200784,1.0672102551389242,0.921096732801606,0.9393135694780064,0.08046376337713472,1.4380546206807336,0.9648125087062567,0.8325180251861457,0.030362604649895434
1.9618718179413006,0.9892002820460318,0.47071762441572723,0.005139118611184532,1.0775445535005777,0.9228089014620529,0.2807847912329628,0.02348707999422326,1.063411850756682,0.9204587385212764,0.9397560784005656,0.08120883732209958,1.4241573319385858,0.9637098336800555,0.8350092305275149,0.031443721746428364
1.8529920606576527,0.9861656797911502,0.48298816568047337,0.006775548042316501,1.3174588287559623,0.9540674808747314,0.40419651199003426,0.019459592103828117,1.062236014734981,0.9202602873550738,0.940010900031143,0.08145108517831824,1.4073639468270949,0.9623329666273397,0.8358474774213641,0.032716217690042536
1.7204595913907428,0.9813210895101382,0.5124490983129727,0.009754188450975419,1.2664082552839064,0.9486323525046205,0.5630211363195656,0.030487123053048713,1.0645803443080595,0.920655503372187,0.938181113050223,0.0808548994580855,1.4170830088329305,0.9631358242348171,0.8460829939887532,0.032383960203238395
1.888128130730594,0.9872271166744542,0.531807802555507,0.006880604167902285,1.357088630227661,0.957904693967315,0.5024340475149395,0.02207956086297624,1.0658920119179751,0.9208758476142036,0.9361220424622261,0.08043414683030684,1.4386647122538276,0.9648601691836503,0.8361366175970462,0.030451769303084034
1.9231438705313908,0.9882048596009156,0.5119269780798871,0.006110322694597752,1.2497165761325033,0.9467268800674413,0.2261436265361967,0.012725292576026122,1.0557978023062569,0.9191656443064969,0.9399154910511405,0.08265916333588158,1.403278205391573,0.9619904645388262,0.8433973757747459,0.03332376322226776
1.8736120394680937,0.986798705138641,0.4912137390475635,0.006571408510519366,1.3436968605921351,0.9566435908859273,0.5104783576936915,0.023135584381588876,1.061894675441227,0.9202025933385946,0.941846330386751,0.08167429127291045,1.4077712930220212,0.9623669508869331,0.8449397555211949,0.03304109652540183
1.8049323636948125,0.9845718080867861,0.5118398842536773,0.00802050586685783,1.3324778175821892,0.9555594041356137,0.6252519893899204,0.0290788525063143,1.0616107407710613,0.9201545729515903,0.9352013503737642,0.0811510950353894,1.4312798105697613,0.9642790563187325,0.8281360019291054,0.030677633504010936
1.8140588862844644,0.984887793867041,0.49454559459277303,0.0075883517027745505,1.1827501013962638,0.9383923880531321,0.22180606772513262,0.014562076932679642,1.0601348296505364,0.9199045344624959,0.9352885106055209,0.0814349379336408,1.4314953936019201,0.9642961507963687,0.8383801426907116,0.031041706601470327
1.8072171335693106,0.984651518278885,0.48687465245153494,0.007589270482910153,1.4553704133377583,0.9661413034122832,0.630294721098349,0.02208885765170694,1.06524681353233,0.9207675320995731,0.9384479683994554,0.08075387754266491,1.4214049261482122,0.9634875333336304,0.8425821173131867,0.03193061706323482
1.953855470515825,0.9890012991100917,0.5126413233900382,0.005701093198610827,1.3711322925573255,0.9591894812720771,0.6301994083803215,0.02681301792834803,1.0614830193284581,0.9201329634871482,0.9340506801711677,0.08107508668678041,1.4204268007255298,0.9634082191404603,0.8389798868455566,0.03186579432797869
1.6896987067526072,0.9799775408681836,0.4769646402932641,0.009745126412930705,1.321918826017282,0.9545154266106232,0.4282209408889568,0.020405586195598756,1.0577742857521586,0.9195031415277113,0.9361253245761417,0.08195202861355322,1.4102511208838437,0.9625732042672326,0.8372346112723384,0.03255337738218752
1.7829902295342865,0.9837852566029882,0.5552071455720259,0.009150921237347667,1.367152382579069,0.9588292397269813,0.4585138730520715,0.019687931872681884,1.0612571634161034,0.9200947373686126,0.9315469403268719,0.08089982465627714,1.4074132715358718,0.9623370832797101,0.8403458760927404,0.03288855568119124
1.8285505466820164,0.9853764892315097,0.48426833454101675,0.007186799444060651,1.4312490586178155,0.9642766172260043,0.5283932725677892,0.01957529073498131,1.0591558772272232,0.9197382931185365,0.9297509629686129,0.08113547062341116,1.4357521320466786,0.9646320761340015,0.8301933564700049,0.03043877158156007
1.9414730400847822,0.9886867940513063,0.5445429126581679,0.006231018919105339,1.546118291265419,0.9723494309763709,0.603269987204398,0.01715510688819883,1.049091896775802,0.9180109308675396,0.9305625325813942,0.08311007336676485,1.4241507713550114,0.9637093053607845,0.8387754134875124,0.03158602104642055
1.8669842189892503,0.9865984141111244,0.49759208273017136,0.006759105770852927,1.2917917090686901,0.9514069019246902,0.3494838825655436,0.017849885834222957,1.0653779200099676,0.9207895531409742,0.9372333077876491,0.08062501237962734,1.4154114717911288,0.9629989259328795,0.8385607372295233,0.032219815736504155
1.7018985471089527,0.9805213652473318,0.507808277627649,0.010087910692079023,1.0972911581750397,0.9259860967895294,0.2834589674299531,0.022656824602701447,1.06086447928119,0.9200282357921958,0.929009624045892,0.08075245488200382,1.4459867681018406,0.9654273376804996,0.8370928744133125,0.029976910894902575
1.7667322615913832,0.9831771521938836,0.46338564853240777,0.007928852113176406,1.5566809088427624,0.9729958761732029,0.5256640006036369,0.014589060561509748,1.0561680857148332,0.919228970662388,0.9289783445257678,0.08162768963387641,1.410952112874759,0.9626313102600508,0.8337546215951105,0.03236578474184434
1.9523263629131988,0.9889629336933078,0.5010819078886007,0.0055921956769366885,1.3248043369137752,0.9548030169935542,0.211820776362178,0.010026843086230168,1.058209527237579,0.9195772888613641,0.9258146952937006,0.08096821083924642,1.4244721630785133,0.9637351781162762,0.8301497882818184,0.03123807752633371
2.0266735284067834,0.9906833169511583,0.5209194579680393,0.004898882822412423,1.6664223349414478,0.9788984048806992,0.5596508244422891,0.012064096791539212,1.0606327888194433,0.9199889750058399,0.9310971532963567,0.08097709823524066,1.415968726203515,0.9630446191090422,0.8350456244761896,0.03204361303881732
2.1323550063034356,0.9926809505470305,0.4964621979297306,0.0036604221891990544,1.5273549302757121,0.9711638305341064,0.5440353405836438,0.0161537062885438,1.0608155671509785,0.9200199489199488,0.9276903206484098,0.08064685914586048,1.4131059934011048,0.9628093057313774,0.8352207850551261,0.03226229812993781
2.0170719150852934,0.9904770283262389,0.5221550714453034,0.005020275899873348,1.5313754846411218,0.9714219604783745,0.4055375966268447,0.011930417403987651,1.056048648664615,0.9192085493264351,0.9294167252283907,0.08168867181065528,1.402625434734391,0.9619354672553386,0.8482642304989458,0.03356647371583119
1.940042033182413,0.9886498791826098,0.4910902631286777,0.005637924948074444,1.5782899793214857,0.9742729110448829,0.5892454017245846,0.01555987926453163,1.065686126007211,0.9208412983245298,0.9294530180230192,0.0798989948744893,1.4454847691438124,0.9653887361450696,0.8367843529106991,0.030000519939686995
1.8714939213700514,0.986735019365963,0.47537639539997567,0.006390630265571052,1.3268795906978925,0.9550087796221405,0.5315479699445115,0.025041646074332007,1.0505515710830438,0.9182635494656326,0.9311025648223527,0.08287927662631595,1.435057197594861,0.9645774433019989,0.8373803441596721,0.03075144761549309
1.9205264679504954,0.9881344041321456,0.5106465529186798,0.006131884086727639,1.4092418308318877,0.9624893905655332,0.5514406333428791,0.02149101530507868,1.0621467144100913,0.9202451972729128,0.9303747771383174,0.08063270205899116,1.3917276702261643,0.9610059446390292,0.8484263424818247,0.03442599283906507
1.779756772448411,0.9836660615339338,0.48266344500720226,0.008014706737236756,1.346052137377775,0.9568679717715806,0.32310766228335114,0.014564484570031056,1.0458997853691074,0.9174560088364875,0.9254774406393755,0.08326568352748315,1.4226529629635931,0.9635884939504831,0.8404906835184238,0.03175995956741511
1.9314114914595073,0.9884247041480494,0.47237513303240486,0.0055319154762198145,1.2959034414087933,0.9518427409062844,0.3448383426914749,0.01744665237308974,1.0701205900206792,0.9215823940529546,0.9293368563983999,0.079077434494618,1.4272945355968056,0.9639616242421047,0.8313424345847554,0.031080315115868336
1.7327963615900825,0.9818347229711414,0.5030284091431303,0.009306709359208043,1.4703865455438616,0.9672543113167659,0.6051671369355625,0.02048749169227147,1.0666779414270626,0.9210076061215329,0.9286049097910903,0.0796439945817525,1.4076339950588843,0.9623554996243426,0.8394989108756192,0.032838714049181754
1.7845750940752798,0.9838433667117539,0.49032134239964903,0.008052035914038577,1.400187851920451,0.9617294195255454,0.47408971265628425,0.01886568938410382,1.0663207015718472,0.920947740914627,0.92473678438254,0.07937750278010594,1.3922156677898796,0.9610480301750982,0.8386707611318271,0.033991930845206984
1.7410603304423407,0.9821710084109088,0.5359819133225153,0.009729483911353896,1.2191987882570805,0.9430695107381575,0.29519390303936405,0.0178200367372601,1.0608002103357532,0.9200173469503429,0.9248819443178296,0.08040556181845328,1.430834227629589,0.9642436992064772,0.841723339471621,0.03121297337575971
1.8361608234307134,0.9856268583359334,0.4634312993094401,0.006758098828377029,1.3536664868302941,0.9575858064941994,0.4151467667583769,0.018388028706338107,1.0577930549720553,0.9195063403210753,0.9230362771714374,0.08080267063737222,1.4121921101896355,0.9627338827054386,0.8394493741231347,0.03249394188870609
1.9379898034002672,0.9885967310698162,0.4976931267005797,0.005740792367712101,1.5177726062145074,0.9705394673538272,0.6665453321078543,0.020232851086681786,1.0569400306300898,0.9193608442146638,0.9265349580030758,0.0812684130384005,1.406622798709316,0.9622710581437744,0.8361255448680032,0.032782999966436126
1.729524327792391,0.9816998604517888,0.49324011440504834,0.009194625860733035,1.313955890858785,0.9537127176358307,0.3743224224815,0.018167281765510666,1.0571863656151155,0.9194028849648742,0.9283969673582422,0.08138555838803226,1.4010588294728246,0.9618031655284954,0.8381622554138103,0.03328658719137441
1.712139477032422,0.980966670118579,0.49781576103245023,0.009658933262998524,1.2171127465324854,0.9428110755122125,0.47037881333611853,0.028532183313523123,1.0558275068682346,0.919170726089948,0.9238740497879335,0.08124287089337769,1.4256170811012925,0.9638272024062896,0.8469488770014623,0.0317863100600472
1.7821128846491803,0.9837529998288408,0.5046628214112446,0.008334670336225373,1.4166719059944897,0.9631022002922776,0.6148006396780048,0.023553877102694163,1.060210611056747,0.919917390206544,0.9258530537437335,0.08059933382973851,1.41296820369651,0.9627979433125392,0.8402062781880582,0.03246517278876863
1.7899073953737799,0.984037379077035,0.5187129308101609,0.008414332685338517,1.5909436028483848,0.9749932076797024,0.45511319281811086,0.011672820903147061,1.0592656393971192,0.9197569481059994,0.9230575968846177,0.08053101289475398,1.4098800987220548,0.9625424146998091,0.832871230270891,0.03241139785167433
1.7786330666980488,0.9836244368938925,0.4747622135754431,0.007903929891524903,1.3100488976593752,0.9533139582301191,0.3584720420809915,0.01755522468274599,1.0521812654508345,0.9185447546716836,0.923791252341836,0.0819204972963487,1.4164307649063976,0.9630824637338236,0.83888168323966,0.03215658692814759
1.9653772087964154,0.9892861705371385,0.4954710144927536,0.005365881087960677,1.4800407140205503,0.967951130310151,0.6140138470368776,0.020330003401248586,1.0616056644982315,0.9201537141880177,0.9212135887501793,0.07993825636636934,1.4037617718750237,0.9620311567996064,0.8461848902281532,0.03339669530298542
1.8385039318553174,0.9857030899070848,0.48741171211443896,0.007069554207231838,1.3852294832571004,0.9604413583935565,0.39409029950827,0.01623178425479203,1.064586066344645,0.9206564658215176,0.9208851139919535,0.07936323941555974,1.4093231342102603,0.9624961488543948,0.8359767545820295,0.03257399814258729
2.224876756471178,0.9940769791687994,0.49892292428291785,0.002972738465548403,1.342486996590395,0.9565278975716089,0.3671800280665374,0.016687529794260983,1.0596226531992625,0.9198175981824345,0.9176685109539942,0.07999506144048178,1.414826706497386,0.9629509185339925,0.8274354871868213,0.031835189294300424
1.9479097099088878,0.9888513748917356,0.5076036742104223,0.005722885370887126,1.1173949845416367,0.9290967782250333,0.3148694073448257,0.024028988090748906,1.059990802458481,0.9198800961423415,0.9226959788607072,0.08036516218384264,1.4352441123881634,0.9645921457460331,0.8356132372238501,0.030673349194051545
2.0300803526391307,0.9907554427947564,0.5020530948172746,0.004684565286884178,1.2909838598840415,0.9513208319723486,0.36300501669255353,0.018574997633365026,1.062393596824764,0.9202869094155937,0.9214825129880564,0.07981665095769828,1.4095204637727563,0.962512546875703,0.849561708889008,0.03308830086584541
1.8103366630212616,0.9847596969482538,0.4783877406707901,0.007403607363966002,1.0825097060807398,0.923619355375397,0.3318504462087917,0.02744307040868324,1.0629338548609935,0.9203781194787477,0.9237909397685264,0.0799171234910735,1.4099631511579935,0.9625493089859081,0.8358828847376006,0.03252237713749586
1.807705475161159,0.9846685026989608,0.4997253672106168,0.007780829891126038,1.2490080706879432,0.9466445405631536,0.40731586314427964,0.022957429196232584,1.05753564241444,0.919462459998983,0.9227750314498839,0.08082769470263859,1.408147828615654,0.9623983384604045,0.8402611669235812,0.032829665992639236
1.9308959780420107,0.9884111152836529,0.4983980032570984,0.0058435977836475365,1.2872292692222331,0.9509189083217043,0.3475890391559867,0.01794059340695548,1.0541177931387251,0.9188777577825535,0.9185548396233095,0.08109373369723395,1.4181590342323842,0.963223692488361,0.8409686327267578,0.03210855514247588
1.9624133467108233,0.9892135948328146,0.5021242392926857,0.005475172922781182,1.2105393944846232,0.9419894926146526,0.25326585230133286,0.015596862502789077,1.0596223776626148,0.9198175513899667,0.9148184459930929,0.0797466659801246,1.3834281028473876,0.9602834653680214,0.8435040674103712,0.03488663474246091
1.9226005648836977,0.9881902689295045,0.4969185517193081,0.005938607821044821,1.405452377580386,0.9621730931270532,0.4632327193781077,0.018211547445656655,1.0597674252018425,0.9198421803553061,0.9205476573989775,0.08021929704031439,1.4127037608691777,0.9627761274709189,0.8480285734295119,0.032787380801890684
1.9465906963788269,0.9888178426785142,0.45921674246103583,0.005193103964376021,0.8699151339797158,0.8811173158312214,0.18098812309594242,0.02441939738298867,1.0628048803528465,0.9203563537855425,0.9188750055190075,0.07951545676177975,1.4122891031115699,0.9627418945267272,0.8282838094397104,0.032054578396714974
1.8870280586171257,0.9871951366384236,0.49668368689793124,0.006442461584959576,1.0916021561436822,0.9250832926764242,0.25185555614044325,0.020396205548801012,1.0637646635386122,0.9205181962694226,0.9222333350879963,0.07962989675850557,1.4077161251767372,0.9623623500448607,0.8396062536189924,0.03283670259168436
1.8419991254996018,0.9858160639270901,0.46900737269548215,0.006748084998266113,1.327580241067689,0.9550780477424623,0.3208399763932809,0.015090660010368993,1.0569326699779784,0.9193595877014993,0.917411717036476,0.08046955739511696,1.4268669831869278,0.9639274083096858,0.8396592880988664,0.031422165608594586
1.93406656761797,0.9884944425741651,0.4866543119878444,0.005664401226703115,1.367534164538722,0.9588639282718736,0.42396163608737275,0.018188311978213315,1.0587553747222358,0.9196701908320195,0.9195130734166542,0.08031608553953301,1.4328396357228796,0.964402563783977,0.8402030617353347,0.031013060335797957
1.7529593812380513,0.9826445032775308,0.4993588569335043,0.008819691125263117,1.2556021520870995,0.9474062550848048,0.4542433203360113,0.025216592344585072,1.0605113325876037,0.9199683867783128,0.9151161472099373,0.07960949810775912,1.3848676910363262,0.9604096952720542,0.8443810570573714,0.03480733641067297
1.85513237107014,0.9862327546833122,0.49581408274568384,0.006921281083206613,1.3339351820334646,0.9557016886410933,0.2942821412443117,0.013640450859454272,1.064389944598069,0.9206234719643425,0.9127731267586063,0.0786996680974864,1.3840230216358143,0.9603356773716918,0.8420033348386424,0.03477689386544062
2.1202258793798983,0.992475220246242,0.4822056315478055,0.003656001781604929,1.4878837310881308,0.9685066488602718,0.5039678396157461,0.016387741018429162,1.0590855817403735,0.9197263437405914,0.9179892798719154,0.08012204543642447,1.4081415482488677,0.9623978151426112,0.850666527444224,0.03323669226349057
1.9331664280333303,0.9884708460939431,0.4616740703245682,0.005384793524504041,1.254669461341036,0.9472991423704044,0.40617718160634647,0.02259675414321929,1.0570760741935383,0.9193840645566784,0.9145248422540866,0.08018985589011612,1.4202215490794368,0.9633915546764936,0.8396795336131887,0.031907444222788614
1.9482804923883692,0.9888607830795907,0.5024882114457726,0.005660377358490566,1.3187219041896678,0.9541947640163452,0.6447425658158028,0.030950269787263292,1.0688137979470826,0.9213646627501589,0.9171234187677263,0.0782733615149328,1.405859821719674,0.9622072241654422,0.8368568495415079,0.032869367976080005
